{
  "DiscoverHongKong": 1491402164.46592,
  "TheSmartLocal": 1491402159.012594,
  "Tripviss": 1491402179.3044283,
  "goturkeytourism": 1491402159.0785587,
  "incredibleindia": 1491402178.7687824,
  "indonesia.travel": 1491402177.555162,
  "itsmorefuninthePhilippines": 1491402130.4490993,
  "koreatourism": 1491402145.1717856,
  "malaysia.travel.sg": 1491402132.376817,
  "visitchinanow": 1491402131.092104,
  "visitjapaninternational": 1491402183.9768844,
  "wonderfulplacesindo": 1491402131.2970333
}